firms,bm,ep,cashpr,dy,lev,roic,agr,gma,chcsho,lgr,acc,pctacc,cfp,absacc,age,chinv,hire,sgr,pchsale_pchrect,pchgm_pchsale,depr,pchdepr,invest,egr,tang,sin,currat,pchcurrat,quick,pchquick,salecash,salerec,cashdebt,divi,divo,securedind,secured,convind,rd,operprof,ps,chpmia,chatoia,chempia,bm_ia,pchcapx_ia,tb,cfp_ia,mve_ia,herf,chtx,roaq,roeq,rsup,cash,cinvest,nincr,sue,aeavol,ear,mom1,mom2,mom3,mom4,mom5,mom6,mom7,mom8,mom9,mom10,mom11,mom12,mom13,mom14,mom15,mom16,mom17,mom18,mom19,mom20,mom21,mom22,mom23,mom24,mom25,mom26,mom27,mom28,mom29,mom30,mom31,mom32,mom33,mom34,mom35,mom36,mom37,mom38,mom39,mom40,mom41,mom42,mom43,mom44,mom45,mom46,mom47,mom48
47730.0,,,,,,,,,,,,,,,,,,,,,,,,,,,,,,,,,,,,,,,,,,,,,,,,,,,0.000327061,0.0105530704,0.0298877052,0.0305731277,0.0144337003,-0.004685783,1.0,0.0011742602,,,,,,,,,,,,,,,,,,,,,,,,,,,,,,,,,,,,,,,,,,,,,,,,,,
13777.0,,,,,,,,,,,,,,,,,,,,,,,,,,,,,,,,,,,,,,,,,,,,,,,,,,,-0.003458916,0.0150843926,0.0212376663,-0.01161554,0.5835139556,-0.031538696,0.0,0.0025125628,,,,,,,,,,,,,,,,,,,,,,,,,,,,,,,,,,,,,,,,,,,,,,,,,,
38746.0,,,,,,,,,,,,,,,,,,,,,,,,,,,,,,,,,,,,,,,,,,,,,,,,,,,-0.04654593,-0.002801838,-0.002952105,-0.148142571,0.1725095992,0.0076549483,0.0,-0.141092074,,,,,,,,,,,,,,,,,,,,,,,,,,,,,,,,,,,,,,,,,,,,,,,,,,
60871.0,,,,,,,,,,,,,,,,,,,,,,,,,,,,,,,,,,,,,,,,,,,,,,,,,,,0.000281394,0.0194618362,0.0267620109,0.0032248548,0.0237685983,0.0220304606,3.0,0.0004447409,,,,,,,,,,,,,,,,,,,,,,,,,,,,,,,,,,,,,,,,,,,,,,,,,,
14702.0,,,,,,,,,,,,,,,,,,,,,,,,,,,,,,,,,,,,,,,,,,,,,,,,,,,-0.004949134,0.0563324869,0.1173621461,0.0040561923,0.1752371786,-0.013769981,0.0,0.0014155534,,,,,,,,,,,,,,,,,,,,,,,,,,,,,,,,,,,,,,,,,,,,,,,,,,
15537.0,,,,,,,,,,,,,,,,,,,,,,,,,,,,,,,,,,,,,,,,,,,,,,,,,,,0.0010332014,0.0060916477,0.0100513234,0.0404327635,0.0388876117,-0.03415858,0.0,0.0038791243,,,,,,,,,,,,,,,,,,,,,,,,,,,,,,,,,,,,,,,,,,,,,,,,,,
68830.0,,,,,,,,,,,,,,,,,,,,,,,,,,,,,,,,,,,,,,,,,,,,,,,,,,,0.0002554553,0.0090341437,0.0116879696,0.0375759889,0.4751447821,-0.013402453,0.0,0.0077765995,,,,,,,,,,,,,,,,,,,,,,,,,,,,,,,,,,,,,,,,,,,,,,,,,,
85631.0,,,,,,,,,,,,,,,,,,,,,,,,,,,,,,,,,,,,,,,,,,,,,,,,,,,0.0013315579,0.0170586989,0.1406113537,0.0023749516,0.2349762929,0.0339153061,0.0,0.0,,,,,,,,,,,,,,,,,,,,,,,,,,,,,,,,,,,,,,,,,,,,,,,,,,
85914.0,,,,,,,,,,,,,,,,,,,,,,,,,,,,,,,,,,,,,,,,,,,,,,,,,,,-0.002294931,0.0154401063,0.0872987478,-0.07246991,0.0974945534,-0.014051388,0.0,-0.000134192,,,,,,,,,,,,,,,,,,,,,,,,,,,,,,,,,,,,,,,,,,,,,,,,,,
18973.0,,,,,,,,,,,,,,,,,,,,,,,,,,,,,,,,,,,,,,,,,,,,,,,,,,,0.0028142212,0.0350163561,0.0496710785,-0.000568382,0.0980900167,-0.032142505,1.0,0.0005878895,,,,,,,,,,,,,,,,,,,,,,,,,,,,,,,,,,,,,,,,,,,,,,,,,,
19271.0,,,,,,,,,,,,,,,,,,,,,,,,,,,,,,,,,,,,,,,,,,,,,,,,,,,-0.001398446,0.0008784808,0.001170859,-0.03824075,0.0921871251,-0.013069047,0.0,-0.005604542,,,,,,,,,,,,,,,,,,,,,,,,,,,,,,,,,,,,,,,,,,,,,,,,,,
29946.0,,,,,,,,,,,,,,,,,,,,,,,,,,,,,,,,,,,,,,,,,,,,,,,,,,,-0.000470736,0.0266958989,0.0681369322,0.001602632,0.0493763662,0.1527136978,1.0,0.0003072669,,,,,,,,,,,,,,,,,,,,,,,,,,,,,,,,,,,,,,,,,,,,,,,,,,
10866.0,,,,,,,,,,,,,,,,,,,,,,,,,,,,,,,,,,,,,,,,,,,,,,,,,,,-0.00345849,0.0189096267,0.0825490928,-0.087516172,0.024746945,-0.027953199,0.0,0.0013157895,,,,,,,,,,,,,,,,,,,,,,,,,,,,,,,,,,,,,,,,,,,,,,,,,,
25320.0,,,,,,,,,,,,,,,,,,,,,,,,,,,,,,,,,,,,,,,,,,,,,,,,,,,-0.000675276,0.0133701011,0.0444567936,0.0061181356,0.0184709683,0.0454013605,0.0,0.0005524862,,,,,,,,,,,,,,,,,,,,,,,,,,,,,,,,,,,,,,,,,,,,,,,,,,
21742.0,,,,,,,,,,,,,,,,,,,,,,,,,,,,,,,,,,,,,,,,,,,,,,,,,,,0.0006529561,0.0096037799,0.021517718,-0.015274814,0.0637475666,0.0714710266,0.0,-0.000480727,,,,,,,,,,,,,,,,,,,,,,,,,,,,,,,,,,,,,,,,,,,,,,,,,,
11267.0,,,,,,,,,,,,,,,,,,,,,,,,,,,,,,,,,,,,,,,,,,,,,,,,,,,0.0003137101,0.0080052066,0.0195416452,-0.087843461,0.2454342768,-0.096624784,2.0,-0.031853808,,,,,,,,,,,,,,,,,,,,,,,,,,,,,,,,,,,,,,,,,,,,,,,,,,
86474.0,,,,,,,,,,,,,,,,,,,,,,,,,,,,,,,,,,,,,,,,,,,,,,,,,,,-0.004307436,0.0068240545,0.014171423,0.0190289256,0.0514271449,-0.217126941,1.0,0.0246609125,,,,,,,,,,,,,,,,,,,,,,,,,,,,,,,,,,,,,,,,,,,,,,,,,,
26201.0,,,,,,,,,,,,,,,,,,,,,,,,,,,,,,,,,,,,,,,,,,,,,,,,,,,-0.002196949,-0.007581796,-0.013443966,0.0491943302,0.0216232817,-0.028838612,0.0,-0.003864734,,,,,,,,,,,,,,,,,,,,,,,,,,,,,,,,,,,,,,,,,,,,,,,,,,
65541.0,,,,,,,,,,,,,,,,,,,,,,,,,,,,,,,,,,,,,,,,,,,,,,,,,,,-0.000967906,0.003442579,0.0054256697,0.0025262455,0.009714459,0.0880335302,0.0,0.000104863,,,,,,,,,,,,,,,,,,,,,,,,,,,,,,,,,,,,,,,,,,,,,,,,,,
27562.0,,,,,,,,,,,,,,,,,,,,,,,,,,,,,,,,,,,,,,,,,,,,,,,,,,,-0.001088571,0.0061895496,0.0287116156,0.018069392,0.0101433542,0.0010641263,0.0,-0.001224567,,,,,,,,,,,,,,,,,,,,,,,,,,,,,,,,,,,,,,,,,,,,,,,,,,
27909.0,,,,,,,,,,,,,,,,,,,,,,,,,,,,,,,,,,,,,,,,,,,,,,,,,,,0.0030693331,-0.03108275,-0.050062029,0.066651393,0.1469809374,0.0363480615,2.0,0.0199389589,,,,,,,,,,,,,,,,,,,,,,,,,,,,,,,,,,,,,,,,,,,,,,,,,,
49154.0,,,,,,,,,,,,,,,,,,,,,,,,,,,,,,,,,,,,,,,,,,,,,,,,,,,0.0002753629,0.0178119434,0.0845797721,0.0020876257,0.0253307766,-0.001553356,3.0,0.0019017433,,,,,,,,,,,,,,,,,,,,,,,,,,,,,,,,,,,,,,,,,,,,,,,,,,
19350.0,,,,,,,,,,,,,,,,,,,,,,,,,,,,,,,,,,,,,,,,,,,,,,,,,,,0.0063139871,0.0312158917,0.1340708794,0.0391762557,0.0550296399,-0.004692375,1.0,0.0029363526,,,,,,,,,,,,,,,,,,,,,,,,,,,,,,,,,,,,,,,,,,,,,,,,,,
49429.0,,,,,,,,,,,,,,,,,,,,,,,,,,,,,,,,,,,,,,,,,,,,,,,,,,,-0.003091171,0.0605244582,0.126041668,-0.005760079,0.2547587655,0.0038165654,0.0,0.0004356714,,,,,,,,,,,,,,,,,,,,,,,,,,,,,,,,,,,,,,,,,,,,,,,,,,
93096.0,,,,,,,,,,,,,,,,,,,,,,,,,,,,,,,,,,,,,,,,,,,,,,,,,,,-0.000385216,0.0176863979,0.0928186869,0.012176847,0.010504117,-0.017829138,0.0,-0.000316084,,,,,,,,,,,,,,,,,,,,,,,,,,,,,,,,,,,,,,,,,,,,,,,,,,
61313.0,,,,,,,,,,,,,,,,,,,,,,,,,,,,,,,,,,,,,,,,,,,,,,,,,,,-0.000158781,0.0363375475,0.0784625691,0.0029163359,0.0695197159,0.0041822805,1.0,0.0004720692,,,,,,,,,,,,,,,,,,,,,,,,,,,,,,,,,,,,,,,,,,,,,,,,,,
12008.0,,,,,,,,,,,,,,,,,,,,,,,,,,,,,,,,,,,,,,,,,,,,,,,,,,,0.006510915,0.022272954,0.059306709,0.0623009259,0.0314783205,-0.013938185,1.0,0.0111207083,,,,,,,,,,,,,,,,,,,,,,,,,,,,,,,,,,,,,,,,,,,,,,,,,,
33209.0,,,,,,,,,,,,,,,,,,,,,,,,,,,,,,,,,,,,,,,,,,,,,,,,,,,0.0,-0.198647517,-0.462595187,-0.08049334,0.0365246111,0.0267595151,0.0,-0.082228145,,,,,,,,,,,,,,,,,,,,,,,,,,,,,,,,,,,,,,,,,,,,,,,,,,
77462.0,,,,,,,,,,,,,,,,,,,,,,,,,,,,,,,,,,,,,,,,,,,,,,,,,,,-0.002946029,0.0091900866,0.0379715826,-0.088037461,0.0357481622,-0.017559088,0.0,0.006119951,,,,,,,,,,,,,,,,,,,,,,,,,,,,,,,,,,,,,,,,,,,,,,,,,,
62228.0,,,,,,,,,,,,,,,,,,,,,,,,,,,,,,,,,,,,,,,,,,,,,,,,,,,0.0008150908,0.0032694071,0.0075986903,0.0464307162,0.1617402277,-0.009681016,4.0,0.1158482287,,,,,,,,,,,,,,,,,,,,,,,,,,,,,,,,,,,,,,,,,,,,,,,,,,
59010.0,,,,,,,,,,,,,,,,,,,,,,,,,,,,,,,,,,,,,,,,,,,,,,,,,,,0.0042424737,-0.001580889,-0.008060905,-0.05689538,0.107025247,0.0136649866,1.0,0.015625,,,,,,,,,,,,,,,,,,,,,,,,,,,,,,,,,,,,,,,,,,,,,,,,,,
21055.0,,,,,,,,,,,,,,,,,,,,,,,,,,,,,,,,,,,,,,,,,,,,,,,,,,,-0.005648904,-0.012959807,-0.031097294,-0.085921306,0.0212571022,0.0398009508,0.0,-0.015868436,,,,,,,,,,,,,,,,,,,,,,,,,,,,,,,,,,,,,,,,,,,,,,,,,,
83264.0,,,,,,,,,,,,,,,,,,,,,,,,,,,,,,,,,,,,,,,,,,,,,,,,,,,0.0016361664,0.0195409974,0.0602579387,-0.121805238,0.0268121458,0.0079531973,1.0,0.0081223125,,,,,,,,,,,,,,,,,,,,,,,,,,,,,,,,,,,,,,,,,,,,,,,,,,
85945.0,,,,,,,,,,,,,,,,,,,,,,,,,,,,,,,,,,,,,,,,,,,,,,,,,,,0.0005426918,0.0218789415,0.0389457816,0.0064513899,0.0261100214,-0.045766062,1.0,0.0002964896,,,,,,,,,,,,,,,,,,,,,,,,,,,,,,,,,,,,,,,,,,,,,,,,,,
27828.0,,,,,,,,,,,,,,,,,,,,,,,,,,,,,,,,,,,,,,,,,,,,,,,,,,,-0.017242676,0.0286599535,-0.277747989,-0.12232687,0.0534290271,-0.006195166,2.0,0.001346348,,,,,,,,,,,,,,,,,,,,,,,,,,,,,,,,,,,,,,,,,,,,,,,,,,
66181.0,,,,,,,,,,,,,,,,,,,,,,,,,,,,,,,,,,,,,,,,,,,,,,,,,,,-0.001201562,0.050663876,2.4795134443,-0.005455258,0.0248343937,-0.011706726,1.0,-9.982e-05,,,,,,,,,,,,,,,,,,,,,,,,,,,,,,,,,,,,,,,,,,,,,,,,,,
32870.0,,,,,,,,,,,,,,,,,,,,,,,,,,,,,,,,,,,,,,,,,,,,,,,,,,,0.0001094323,0.016354606,0.0285318806,-0.005383252,0.0449111935,-0.000835224,0.0,0.0002472799,,,,,,,,,,,,,,,,,,,,,,,,,,,,,,,,,,,,,,,,,,,,,,,,,,
65285.0,,,,,,,,,,,,,,,,,,,,,,,,,,,,,,,,,,,,,,,,,,,,,,,,,,,-0.002740158,0.0140219326,0.0862756394,0.0025398476,0.1492555221,-0.003666553,1.0,-0.063923265,,,,,,,,,,,,,,,,,,,,,,,,,,,,,,,,,,,,,,,,,,,,,,,,,,
86313.0,,,,,,,,,,,,,,,,,,,,,,,,,,,,,,,,,,,,,,,,,,,,,,,,,,,0.0,0.008650519,0.015269477,-0.001164954,0.0136358154,,0.0,-0.006968641,,,,,,,,,,,,,,,,,,,,,,,,,,,,,,,,,,,,,,,,,,,,,,,,,,
42922.0,,,,,,,,,,,,,,,,,,,,,,,,,,,,,,,,,,,,,,,,,,,,,,,,,,,-0.001872787,0.001210234,0.0016190681,-0.062134916,0.1672696134,-0.010323569,0.0,-0.011397611,,,,,,,,,,,,,,,,,,,,,,,,,,,,,,,,,,,,,,,,,,,,,,,,,,
47571.0,,,,,,,,,,,,,,,,,,,,,,,,,,,,,,,,,,,,,,,,,,,,,,,,,,,-0.012166065,0.0082521801,0.0284291816,0.0928730633,0.1161920301,0.0177534828,3.0,0.0297254689,,,,,,,,,,,,,,,,,,,,,,,,,,,,,,,,,,,,,,,,,,,,,,,,,,
16678.0,,,,,,,,,,,,,,,,,,,,,,,,,,,,,,,,,,,,,,,,,,,,,,,,,,,0.0028518466,0.0193861717,0.0957976499,0.0161815356,0.0752096906,0.0005724128,2.0,0.0014394407,,,,,,,,,,,,,,,,,,,,,,,,,,,,,,,,,,,,,,,,,,,,,,,,,,
48347.0,,,,,,,,,,,,,,,,,,,,,,,,,,,,,,,,,,,,,,,,,,,,,,,,,,,-0.004503933,0.0186166799,0.0379351902,-0.099056979,0.1891866259,0.0443835396,1.0,-0.018557264,,,,,,,,,,,,,,,,,,,,,,,,,,,,,,,,,,,,,,,,,,,,,,,,,,
64282.0,,,,,,,,,,,,,,,,,,,,,,,,,,,,,,,,,,,,,,,,,,,,,,,,,,,-0.001234568,0.0147433564,-0.036718042,-0.006718173,0.1950400895,0.015572932,0.0,0.0022792023,,,,,,,,,,,,,,,,,,,,,,,,,,,,,,,,,,,,,,,,,,,,,,,,,,
61399.0,,,,,,,,,,,,,,,,,,,,,,,,,,,,,,,,,,,,,,,,,,,,,,,,,,,-0.000945199,0.0517067814,-0.158551985,-0.010663601,0.0734586319,0.0189708361,2.0,0.0009142087,,,,,,,,,,,,,,,,,,,,,,,,,,,,,,,,,,,,,,,,,,,,,,,,,,
27617.0,,,,,,,,,,,,,,,,,,,,,,,,,,,,,,,,,,,,,,,,,,,,,,,,,,,-2.1241e-05,-0.000423085,-0.000729081,0.0008700379,0.0362330597,0.1756638554,0.0,0.0001982365,,,,,,,,,,,,,,,,,,,,,,,,,,,,,,,,,,,,,,,,,,,,,,,,,,
60097.0,,,,,,,,,,,,,,,,,,,,,,,,,,,,,,,,,,,,,,,,,,,,,,,,,,,0.0027698091,0.0125246988,0.0229194611,0.0037674406,0.0875115451,0.1751189378,0.0,0.0001099505,,,,,,,,,,,,,,,,,,,,,,,,,,,,,,,,,,,,,,,,,,,,,,,,,,
27975.0,,,,,,,,,,,,,,,,,,,,,,,,,,,,,,,,,,,,,,,,,,,,,,,,,,,0.0,0.0724658214,0.0894387131,-0.040996312,0.8972813805,0.0,1.0,-0.041285295,,,,,,,,,,,,,,,,,,,,,,,,,,,,,,,,,,,,,,,,,,,,,,,,,,
53197.0,,,,,,,,,,,,,,,,,,,,,,,,,,,,,,,,,,,,,,,,,,,,,,,,,,,-0.000935858,0.0056702835,0.0085932527,0.0085132304,0.0994237224,0.0462574748,0.0,-0.005516573,,,,,,,,,,,,,,,,,,,,,,,,,,,,,,,,,,,,,,,,,,,,,,,,,,
57745.0,,,,,,,,,,,,,,,,,,,,,,,,,,,,,,,,,,,,,,,,,,,,,,,,,,,0.0105223353,0.0433273725,0.0560423405,0.070007433,0.3648379982,-0.009133045,0.0,0.0160010468,,,,,,,,,,,,,,,,,,,,,,,,,,,,,,,,,,,,,,,,,,,,,,,,,,
57809.0,,,,,,,,,,,,,,,,,,,,,,,,,,,,,,,,,,,,,,,,,,,,,,,,,,,0.0011671759,0.0301039099,0.0521370753,0.0011974636,0.0307821274,-0.022131105,1.0,0.0006934492,,,,,,,,,,,,,,,,,,,,,,,,,,,,,,,,,,,,,,,,,,,,,,,,,,
57817.0,,,,,,,,,,,,,,,,,,,,,,,,,,,,,,,,,,,,,,,,,,,,,,,,,,,-0.010900371,-0.023441967,-0.277401894,-0.155495815,0.0658133213,-0.057484702,0.0,0.0116429495,,,,,,,,,,,,,,,,,,,,,,,,,,,,,,,,,,,,,,,,,,,,,,,,,,
79611.0,,,,,,,,,,,,,,,,,,,,,,,,,,,,,,,,,,,,,,,,,,,,,,,,,,,-0.00469875,0.0115880945,0.017982451,-0.032646842,0.2678760236,-0.032231784,0.0,0.0066354411,,,,,,,,,,,,,,,,,,,,,,,,,,,,,,,,,,,,,,,,,,,,,,,,,,
63706.0,,,,,,,,,,,,,,,,,,,,,,,,,,,,,,,,,,,,,,,,,,,,,,,,,,,0.0,0.9573932313,12.879403794,0.047408887,1.0,0.0,0.0,0.0470763042,,,,,,,,,,,,,,,,,,,,,,,,,,,,,,,,,,,,,,,,,,,,,,,,,,
59185.0,,,,,,,,,,,,,,,,,,,,,,,,,,,,,,,,,,,,,,,,,,,,,,,,,,,0.0133028511,0.0333341144,0.0542373097,0.0649031262,0.1100497233,-0.03692264,1.0,0.0351316556,,,,,,,,,,,,,,,,,,,,,,,,,,,,,,,,,,,,,,,,,,,,,,,,,,
34948.0,,,,,,,,,,,,,,,,,,,,,,,,,,,,,,,,,,,,,,,,,,,,,,,,,,,0.0011541503,0.0492468441,0.1052330703,0.0411880038,0.0081324368,-0.068934922,2.0,0.0002907258,,,,,,,,,,,,,,,,,,,,,,,,,,,,,,,,,,,,,,,,,,,,,,,,,,
13936.0,,,,,,,,,,,,,,,,,,,,,,,,,,,,,,,,,,,,,,,,,,,,,,,,,,,-0.001227995,0.0115564695,0.027131087,0.0065332325,0.0326075606,-0.015046931,0.0,0.0024472672,,,,,,,,,,,,,,,,,,,,,,,,,,,,,,,,,,,,,,,,,,,,,,,,,,
64785.0,,,,,,,,,,,,,,,,,,,,,,,,,,,,,,,,,,,,,,,,,,,,,,,,,,,-0.002796209,0.0043085925,0.0075080902,0.0062967295,0.6662623451,-0.014533879,0.0,-0.004971414,,,,,,,,,,,,,,,,,,,,,,,,,,,,,,,,,,,,,,,,,,,,,,,,,,
55984.0,,,,,,,,,,,,,,,,,,,,,,,,,,,,,,,,,,,,,,,,,,,,,,,,,,,0.0,0.0133372503,0.0345247148,0.0064662875,0.1001940377,0.0004935185,2.0,0.0040195841,,,,,,,,,,,,,,,,,,,,,,,,,,,,,,,,,,,,,,,,,,,,,,,,,,
91556.0,,,,,,,,,,,,,,,,,,,,,,,,,,,,,,,,,,,,,,,,,,,,,,,,,,,0.0003813749,0.0276668299,0.0865532974,0.0044392084,0.3252313843,-0.007826394,0.0,0.0003747775,,,,,,,,,,,,,,,,,,,,,,,,,,,,,,,,,,,,,,,,,,,,,,,,,,
50948.0,,,,,,,,,,,,,,,,,,,,,,,,,,,,,,,,,,,,,,,,,,,,,,,,,,,-0.009396765,-0.011447182,-0.038916349,0.0275883332,0.0707997203,-0.121054658,1.0,0.0051308363,,,,,,,,,,,,,,,,,,,,,,,,,,,,,,,,,,,,,,,,,,,,,,,,,,
42585.0,,,,,,,,,,,,,,,,,,,,,,,,,,,,,,,,,,,,,,,,,,,,,,,,,,,-0.008470881,-0.037502731,-0.072069586,0.0124687896,0.0774177195,-0.024476603,0.0,0.0016838288,,,,,,,,,,,,,,,,,,,,,,,,,,,,,,,,,,,,,,,,,,,,,,,,,,
76081.0,,,,,,,,,,,,,,,,,,,,,,,,,,,,,,,,,,,,,,,,,,,,,,,,,,,-0.010428156,0.0165098004,0.0319296294,-0.410383096,0.0467603809,0.0007472565,1.0,0.0154391293,,,,,,,,,,,,,,,,,,,,,,,,,,,,,,,,,,,,,,,,,,,,,,,,,,
60580.0,,,,,,,,,,,,,,,,,,,,,,,,,,,,,,,,,,,,,,,,,,,,,,,,,,,0.0027082987,0.0458187344,0.1159592597,0.0082754154,0.0404407471,-0.006118636,1.0,0.0005754844,,,,,,,,,,,,,,,,,,,,,,,,,,,,,,,,,,,,,,,,,,,,,,,,,,
80179.0,,,,,,,,,,,,,,,,,,,,,,,,,,,,,,,,,,,,,,,,,,,,,,,,,,,-0.002136038,0.0311837934,0.0490477465,-0.000948804,0.4734962922,-0.00165021,0.0,0.0005229992,,,,,,,,,,,,,,,,,,,,,,,,,,,,,,,,,,,,,,,,,,,,,,,,,,
80857.0,,,,,,,,,,,,,,,,,,,,,,,,,,,,,,,,,,,,,,,,,,,,,,,,,,,0.0067773573,0.0116139452,0.028134377,0.0840329107,0.1319125064,-0.005429141,0.0,0.0438043569,,,,,,,,,,,,,,,,,,,,,,,,,,,,,,,,,,,,,,,,,,,,,,,,,,
59627.0,,,,,,,,,,,,,,,,,,,,,,,,,,,,,,,,,,,,,,,,,,,,,,,,,,,-0.001162065,-0.009605265,-0.021186876,0.0473759549,0.0037665805,-0.002185888,0.0,0.0603509016,,,,,,,,,,,,,,,,,,,,,,,,,,,,,,,,,,,,,,,,,,,,,,,,,,
55976.0,,,,,,,,,,,,,,,,,,,,,,,,,,,,,,,,,,,,,,,,,,,,,,,,,,,-2.4376e-05,0.0068791967,0.0218142464,0.0263871459,0.04315393,-7.1395e-05,0.0,0.0011260515,,,,,,,,,,,,,,,,,,,,,,,,,,,,,,,,,,,,,,,,,,,,,,,,,,
82932.0,,,,,,,,,,,,,,,,,,,,,,,,,,,,,,,,,,,,,,,,,,,,,,,,,,,0.0025537712,0.0216947517,0.0665537053,-0.009158888,0.034502591,0.0181097286,1.0,0.0119263676,,,,,,,,,,,,,,,,,,,,,,,,,,,,,,,,,,,,,,,,,,,,,,,,,,
83011.0,,,,,,,,,,,,,,,,,,,,,,,,,,,,,,,,,,,,,,,,,,,,,,,,,,,-0.00500794,0.0335686174,0.0920201687,-0.017468308,0.066492628,-0.070679302,0.0,0.0002478519,,,,,,,,,,,,,,,,,,,,,,,,,,,,,,,,,,,,,,,,,,,,,,,,,,
15456.0,,,,,,,,,,,,,,,,,,,,,,,,,,,,,,,,,,,,,,,,,,,,,,,,,,,-0.004696624,0.0045529278,0.0109322806,-0.062634861,0.0426534083,-0.051716089,1.0,-0.004286735,,,,,,,,,,,,,,,,,,,,,,,,,,,,,,,,,,,,,,,,,,,,,,,,,,
40539.0,,,,,,,,,,,,,,,,,,,,,,,,,,,,,,,,,,,,,,,,,,,,,,,,,,,0.0018837308,0.0314296801,0.1400062854,0.0041532981,0.1752030961,0.0048779554,0.0,0.0006343568,,,,,,,,,,,,,,,,,,,,,,,,,,,,,,,,,,,,,,,,,,,,,,,,,,
67467.0,,,,,,,,,,,,,,,,,,,,,,,,,,,,,,,,,,,,,,,,,,,,,,,,,,,-0.014828382,-0.055832255,-0.269761895,-0.958685959,0.0140305408,0.0015323445,0.0,-0.17352614,,,,,,,,,,,,,,,,,,,,,,,,,,,,,,,,,,,,,,,,,,,,,,,,,,
10501.0,,,,,,,,,,,,,,,,,,,,,,,,,,,,,,,,,,,,,,,,,,,,,,,,,,,0.0031510031,0.0192671441,0.0357485115,-0.02452522,0.0274769917,0.0473768765,1.0,0.0146476643,,,,,,,,,,,,,,,,,,,,,,,,,,,,,,,,,,,,,,,,,,,,,,,,,,
70228.0,,,,,,,,,,,,,,,,,,,,,,,,,,,,,,,,,,,,,,,,,,,,,,,,,,,0.0030450571,0.0267183251,0.0516365235,0.0329499026,0.0675309747,0.0243088046,1.0,0.0147081834,,,,,,,,,,,,,,,,,,,,,,,,,,,,,,,,,,,,,,,,,,,,,,,,,,
10514.0,,,,,,,,,,,,,,,,,,,,,,,,,,,,,,,,,,,,,,,,,,,,,,,,,,,0.0,-0.052824075,1.9545867393,0.3661122521,0.0404676041,0.0022425198,1.0,0.7302992863,,,,,,,,,,,,,,,,,,,,,,,,,,,,,,,,,,,,,,,,,,,,,,,,,,
10645.0,,,,,,,,,,,,,,,,,,,,,,,,,,,,,,,,,,,,,,,,,,,,,,,,,,,0.001794728,0.0092744174,0.0110009167,0.016042455,0.1793389113,-0.014372018,1.0,0.0041493776,,,,,,,,,,,,,,,,,,,,,,,,,,,,,,,,,,,,,,,,,,,,,,,,,,
27167.0,,,,,,,,,,,,,,,,,,,,,,,,,,,,,,,,,,,,,,,,,,,,,,,,,,,0.0,-0.080830919,-0.082328811,0.0016625404,0.9774267184,,2.0,0.0098039216,,,,,,,,,,,,,,,,,,,,,,,,,,,,,,,,,,,,,,,,,,,,,,,,,,
11154.0,,,,,,,,,,,,,,,,,,,,,,,,,,,,,,,,,,,,,,,,,,,,,,,,,,,0.0052181604,0.02769616,0.043365028,0.0280287286,0.2845684947,-0.123270146,1.0,0.0138312586,,,,,,,,,,,,,,,,,,,,,,,,,,,,,,,,,,,,,,,,,,,,,,,,,,
11174.0,,,,,,,,,,,,,,,,,,,,,,,,,,,,,,,,,,,,,,,,,,,,,,,,,,,-0.006469853,0.0015007077,0.0041967589,0.0621011483,0.0478967299,-0.043692447,1.0,-0.012563752,,,,,,,,,,,,,,,,,,,,,,,,,,,,,,,,,,,,,,,,,,,,,,,,,,
12266.0,,,,,,,,,,,,,,,,,,,,,,,,,,,,,,,,,,,,,,,,,,,,,,,,,,,0.2693262424,-0.000686011,-0.001666712,0.0075760615,0.0854487489,-0.093836943,0.0,-0.102428387,,,,,,,,,,,,,,,,,,,,,,,,,,,,,,,,,,,,,,,,,,,,,,,,,,
12146.0,,,,,,,,,,,,,,,,,,,,,,,,,,,,,,,,,,,,,,,,,,,,,,,,,,,0.0006218554,-0.070841747,-0.362542469,0.0029113182,0.2948908513,-0.073959334,0.0,-0.033270065,,,,,,,,,,,,,,,,,,,,,,,,,,,,,,,,,,,,,,,,,,,,,,,,,,
13628.0,,,,,,,,,,,,,,,,,,,,,,,,,,,,,,,,,,,,,,,,,,,,,,,,,,,-0.000187044,1.00844e-05,2.43485e-05,0.0051504626,0.4785104215,0.0097274958,1.0,0.0009670141,,,,,,,,,,,,,,,,,,,,,,,,,,,,,,,,,,,,,,,,,,,,,,,,,,
13634.0,,,,,,,,,,,,,,,,,,,,,,,,,,,,,,,,,,,,,,,,,,,,,,,,,,,0.0018484592,-0.050552313,-0.059235623,-0.011477066,0.3226477445,-0.021268828,0.0,0.0011293966,,,,,,,,,,,,,,,,,,,,,,,,,,,,,,,,,,,,,,,,,,,,,,,,,,
12076.0,,,,,,,,,,,,,,,,,,,,,,,,,,,,,,,,,,,,,,,,,,,,,,,,,,,0.0102922228,0.014712102,0.0436301738,-0.050979904,0.1056982628,0.0126596551,0.0,0.0044849144,,,,,,,,,,,,,,,,,,,,,,,,,,,,,,,,,,,,,,,,,,,,,,,,,,
81284.0,,,,,,,,,,,,,,,,,,,,,,,,,,,,,,,,,,,,,,,,,,,,,,,,,,,-0.001356612,0.0009217024,0.0140961636,0.0741026845,0.1754125659,0.0662723063,1.0,-0.042488755,,,,,,,,,,,,,,,,,,,,,,,,,,,,,,,,,,,,,,,,,,,,,,,,,,
85636.0,,,,,,,,,,,,,,,,,,,,,,,,,,,,,,,,,,,,,,,,,,,,,,,,,,,0.0,0.0018188898,0.0337390605,0.1274140004,0.0950345313,0.0010778729,1.0,0.0030501093,,,,,,,,,,,,,,,,,,,,,,,,,,,,,,,,,,,,,,,,,,,,,,,,,,
89428.0,,,,,,,,,,,,,,,,,,,,,,,,,,,,,,,,,,,,,,,,,,,,,,,,,,,-0.000257663,0.001551907,0.0287516681,0.0838181432,0.0736434221,-0.005929075,1.0,-0.006614624,,,,,,,,,,,,,,,,,,,,,,,,,,,,,,,,,,,,,,,,,,,,,,,,,,
82654.0,,,,,,,,,,,,,,,,,,,,,,,,,,,,,,,,,,,,,,,,,,,,,,,,,,,-0.000153632,0.0018872034,0.0338731244,0.0751447384,0.2795745198,0.0029475962,1.0,-0.003220412,,,,,,,,,,,,,,,,,,,,,,,,,,,,,,,,,,,,,,,,,,,,,,,,,,
83835.0,,,,,,,,,,,,,,,,,,,,,,,,,,,,,,,,,,,,,,,,,,,,,,,,,,,-7.4509e-05,0.0017378146,0.0299613748,0.0751694851,0.078162342,0.0086766303,1.0,-0.003048665,,,,,,,,,,,,,,,,,,,,,,,,,,,,,,,,,,,,,,,,,,,,,,,,,,
14609.0,,,,,,,,,,,,,,,,,,,,,,,,,,,,,,,,,,,,,,,,,,,,,,,,,,,-0.006469471,-0.018206901,-0.053354849,-0.179073212,0.0030966785,0.1349612981,0.0,-0.001607717,,,,,,,,,,,,,,,,,,,,,,,,,,,,,,,,,,,,,,,,,,,,,,,,,,
14182.0,,,,,,,,,,,,,,,,,,,,,,,,,,,,,,,,,,,,,,,,,,,,,,,,,,,0.0013033855,0.0045047889,0.0411973758,0.0165674895,0.0769609241,-0.022599533,0.0,-0.000518645,,,,,,,,,,,,,,,,,,,,,,,,,,,,,,,,,,,,,,,,,,,,,,,,,,
14141.0,,,,,,,,,,,,,,,,,,,,,,,,,,,,,,,,,,,,,,,,,,,,,,,,,,,0.0006997901,0.0176799567,0.0578512397,0.0058080231,0.071680376,0.0035327389,1.0,0.0030383221,,,,,,,,,,,,,,,,,,,,,,,,,,,,,,,,,,,,,,,,,,,,,,,,,,
14231.0,,,,,,,,,,,,,,,,,,,,,,,,,,,,,,,,,,,,,,,,,,,,,,,,,,,-0.017453285,0.0273757071,0.0353907647,0.0007397708,0.7196169106,-0.007225924,0.0,0.0006142506,,,,,,,,,,,,,,,,,,,,,,,,,,,,,,,,,,,,,,,,,,,,,,,,,,
14296.0,,,,,,,,,,,,,,,,,,,,,,,,,,,,,,,,,,,,,,,,,,,,,,,,,,,-0.016048318,-0.001255996,-0.018808313,-0.168984799,0.0014854238,-0.003457352,1.0,0.0801025709,,,,,,,,,,,,,,,,,,,,,,,,,,,,,,,,,,,,,,,,,,,,,,,,,,
75905.0,,,,,,,,,,,,,,,,,,,,,,,,,,,,,,,,,,,,,,,,,,,,,,,,,,,-0.00296328,0.0011930372,0.0023357066,-0.114787704,0.1134198192,-0.044747475,1.0,0.0146496815,,,,,,,,,,,,,,,,,,,,,,,,,,,,,,,,,,,,,,,,,,,,,,,,,,
76052.0,,,,,,,,,,,,,,,,,,,,,,,,,,,,,,,,,,,,,,,,,,,,,,,,,,,0.0002624693,-0.009132606,-0.019434446,-0.01789575,0.0784098467,0.0659511445,0.0,-0.002721526,,,,,,,,,,,,,,,,,,,,,,,,,,,,,,,,,,,,,,,,,,,,,,,,,,
14544.0,,,,,,,,,,,,,,,,,,,,,,,,,,,,,,,,,,,,,,,,,,,,,,,,,,,0.0011233732,-0.001526593,-0.004338782,0.0253202955,0.0095267857,0.0049685323,2.0,0.0111576011,,,,,,,,,,,,,,,,,,,,,,,,,,,,,,,,,,,,,,,,,,,,,,,,,,
15145.0,,,,,,,,,,,,,,,,,,,,,,,,,,,,,,,,,,,,,,,,,,,,,,,,,,,0.0009704785,0.0069170329,-0.246596379,0.0035139553,0.4663388252,-0.000228475,0.0,0.0018896447,,,,,,,,,,,,,,,,,,,,,,,,,,,,,,,,,,,,,,,,,,,,,,,,,,
14939.0,,,,,,,,,,,,,,,,,,,,,,,,,,,,,,,,,,,,,,,,,,,,,,,,,,,0.003735188,0.033499053,0.0642597639,0.0015165071,0.286862655,-0.004280564,1.0,0.001244469,,,,,,,,,,,,,,,,,,,,,,,,,,,,,,,,,,,,,,,,,,,,,,,,,,
76076.0,,,,,,,,,,,,,,,,,,,,,,,,,,,,,,,,,,,,,,,,,,,,,,,,,,,-0.000129315,0.0335141903,0.0774461108,0.0090161327,0.238800767,0.0115689751,2.0,0.0006349206,,,,,,,,,,,,,,,,,,,,,,,,,,,,,,,,,,,,,,,,,,,,,,,,,,
14803.0,,,,,,,,,,,,,,,,,,,,,,,,,,,,,,,,,,,,,,,,,,,,,,,,,,,0.0033702363,0.0013253909,0.0021596928,0.0084828916,0.0743464023,0.0133835196,5.0,0.0016838167,,,,,,,,,,,,,,,,,,,,,,,,,,,,,,,,,,,,,,,,,,,,,,,,,,
15489.0,,,,,,,,,,,,,,,,,,,,,,,,,,,,,,,,,,,,,,,,,,,,,,,,,,,0.0090177527,-0.028813385,-0.2091554,-0.444284728,0.030597107,-0.164565467,0.0,-0.316308694,,,,,,,,,,,,,,,,,,,,,,,,,,,,,,,,,,,,,,,,,,,,,,,,,,
15425.0,,,,,,,,,,,,,,,,,,,,,,,,,,,,,,,,,,,,,,,,,,,,,,,,,,,0.0,-0.031680859,-0.05715521,-0.325194224,0.3445709359,0.0305259916,3.0,-0.000489914,,,,,,,,,,,,,,,,,,,,,,,,,,,,,,,,,,,,,,,,,,,,,,,,,,
15535.0,,,,,,,,,,,,,,,,,,,,,,,,,,,,,,,,,,,,,,,,,,,,,,,,,,,0.00287512,0.015155844,0.0227448096,0.0129957962,0.1317474862,0.0138345737,0.0,0.0004597701,,,,,,,,,,,,,,,,,,,,,,,,,,,,,,,,,,,,,,,,,,,,,,,,,,
90751.0,,,,,,,,,,,,,,,,,,,,,,,,,,,,,,,,,,,,,,,,,,,,,,,,,,,-0.004740045,0.005680184,0.0263686155,-0.164372767,0.0236913181,-0.028683203,0.0,-0.008547009,,,,,,,,,,,,,,,,,,,,,,,,,,,,,,,,,,,,,,,,,,,,,,,,,,
76839.0,,,,,,,,,,,,,,,,,,,,,,,,,,,,,,,,,,,,,,,,,,,,,,,,,,,0.0022445298,0.0689654517,0.1069295207,0.0005343025,0.2752262589,0.0125959004,1.0,0.0004222261,,,,,,,,,,,,,,,,,,,,,,,,,,,,,,,,,,,,,,,,,,,,,,,,,,
15582.0,,,,,,,,,,,,,,,,,,,,,,,,,,,,,,,,,,,,,,,,,,,,,,,,,,,0.000836173,-0.002488455,-0.005162802,0.0209357627,0.2060260645,0.0826395798,2.0,0.0024390244,,,,,,,,,,,,,,,,,,,,,,,,,,,,,,,,,,,,,,,,,,,,,,,,,,
77357.0,,,,,,,,,,,,,,,,,,,,,,,,,,,,,,,,,,,,,,,,,,,,,,,,,,,-0.002633876,0.0285302872,0.0484161629,0.0020453944,0.1732748889,0.0078653722,2.0,0.0001885166,,,,,,,,,,,,,,,,,,,,,,,,,,,,,,,,,,,,,,,,,,,,,,,,,,
77584.0,,,,,,,,,,,,,,,,,,,,,,,,,,,,,,,,,,,,,,,,,,,,,,,,,,,-0.005065688,0.0512620302,0.1140962069,-0.015504291,0.3269078529,-0.034681293,0.0,-0.001789442,,,,,,,,,,,,,,,,,,,,,,,,,,,,,,,,,,,,,,,,,,,,,,,,,,
77606.0,,,,,,,,,,,,,,,,,,,,,,,,,,,,,,,,,,,,,,,,,,,,,,,,,,,0.0,0.0009759498,0.0037204358,-0.058887757,0.0194425561,-0.039828021,1.0,0.0208806173,,,,,,,,,,,,,,,,,,,,,,,,,,,,,,,,,,,,,,,,,,,,,,,,,,
77699.0,,,,,,,,,,,,,,,,,,,,,,,,,,,,,,,,,,,,,,,,,,,,,,,,,,,3.1705234e-06,-0.038439773,-0.047141198,0.0287364217,0.382024618,-1.605171078,0.0,-0.010638298,,,,,,,,,,,,,,,,,,,,,,,,,,,,,,,,,,,,,,,,,,,,,,,,,,
15729.0,,,,,,,,,,,,,,,,,,,,,,,,,,,,,,,,,,,,,,,,,,,,,,,,,,,0.0023154827,-0.019021239,-0.071609261,-0.004444907,0.4001009714,-0.009464768,0.0,0.0017520806,,,,,,,,,,,,,,,,,,,,,,,,,,,,,,,,,,,,,,,,,,,,,,,,,,
78034.0,,,,,,,,,,,,,,,,,,,,,,,,,,,,,,,,,,,,,,,,,,,,,,,,,,,0.0019196609,0.0254810433,0.0680696778,0.0315384649,0.0554570696,0.0086252862,1.0,0.0042445613,,,,,,,,,,,,,,,,,,,,,,,,,,,,,,,,,,,,,,,,,,,,,,,,,,
15707.0,,,,,,,,,,,,,,,,,,,,,,,,,,,,,,,,,,,,,,,,,,,,,,,,,,,0.0013848448,0.0075192027,0.0208885113,0.0140529602,0.0531962772,-0.017557577,0.0,0.0020949721,,,,,,,,,,,,,,,,,,,,,,,,,,,,,,,,,,,,,,,,,,,,,,,,,,
15837.0,,,,,,,,,,,,,,,,,,,,,,,,,,,,,,,,,,,,,,,,,,,,,,,,,,,-0.002028668,-0.007335237,-0.016792025,0.0039618689,0.0188575325,0.0510961171,0.0,0.0031948882,,,,,,,,,,,,,,,,,,,,,,,,,,,,,,,,,,,,,,,,,,,,,,,,,,
78975.0,,,,,,,,,,,,,,,,,,,,,,,,,,,,,,,,,,,,,,,,,,,,,,,,,,,0.0023847934,0.0767222998,0.1317384169,0.003102282,0.1475744269,-0.024592525,3.0,0.0010586778,,,,,,,,,,,,,,,,,,,,,,,,,,,,,,,,,,,,,,,,,,,,,,,,,,
79007.0,,,,,,,,,,,,,,,,,,,,,,,,,,,,,,,,,,,,,,,,,,,,,,,,,,,-0.004176463,0.0166966228,0.0314440757,-0.057182462,0.0451778516,-0.120621645,0.0,-0.009032258,,,,,,,,,,,,,,,,,,,,,,,,,,,,,,,,,,,,,,,,,,,,,,,,,,
78963.0,,,,,,,,,,,,,,,,,,,,,,,,,,,,,,,,,,,,,,,,,,,,,,,,,,,0.0028433544,0.0335954054,0.1188977246,-0.009921921,0.1116177971,0.0376904212,1.0,0.0079365079,,,,,,,,,,,,,,,,,,,,,,,,,,,,,,,,,,,,,,,,,,,,,,,,,,
79881.0,,,,,,,,,,,,,,,,,,,,,,,,,,,,,,,,,,,,,,,,,,,,,,,,,,,0.0018861656,0.0143410975,0.029462543,0.0246185335,0.100570838,-0.027933211,1.0,0.0077605322,,,,,,,,,,,,,,,,,,,,,,,,,,,,,,,,,,,,,,,,,,,,,,,,,,
80114.0,,,,,,,,,,,,,,,,,,,,,,,,,,,,,,,,,,,,,,,,,,,,,,,,,,,-0.069117917,0.0194027365,0.0995530139,-0.084467511,0.4365708228,-0.093959534,1.0,0.198846366,,,,,,,,,,,,,,,,,,,,,,,,,,,,,,,,,,,,,,,,,,,,,,,,,,
80274.0,,,,,,,,,,,,,,,,,,,,,,,,,,,,,,,,,,,,,,,,,,,,,,,,,,,-0.00423661,0.0189788711,0.0775055614,0.641165777,0.0030488372,0.0086220011,0.0,0.3269520849,,,,,,,,,,,,,,,,,,,,,,,,,,,,,,,,,,,,,,,,,,,,,,,,,,
80233.0,,,,,,,,,,,,,,,,,,,,,,,,,,,,,,,,,,,,,,,,,,,,,,,,,,,-0.019393208,0.0471705184,0.1193201778,0.2178178463,0.0538854614,-0.021240565,2.0,0.1029057812,,,,,,,,,,,,,,,,,,,,,,,,,,,,,,,,,,,,,,,,,,,,,,,,,,
80320.0,,,,,,,,,,,,,,,,,,,,,,,,,,,,,,,,,,,,,,,,,,,,,,,,,,,-0.000181121,0.0590706169,0.067214114,0.0021711622,0.3329524292,-0.035743679,2.0,0.0010120177,,,,,,,,,,,,,,,,,,,,,,,,,,,,,,,,,,,,,,,,,,,,,,,,,,
93397.0,,,,,,,,,,,,,,,,,,,,,,,,,,,,,,,,,,,,,,,,,,,,,,,,,,,-0.004181766,-0.005022919,-0.008087848,0.0043937157,0.0310850199,0.5016522754,0.0,0.000598444,,,,,,,,,,,,,,,,,,,,,,,,,,,,,,,,,,,,,,,,,,,,,,,,,,
80432.0,,,,,,,,,,,,,,,,,,,,,,,,,,,,,,,,,,,,,,,,,,,,,,,,,,,-0.000815611,0.0053941062,0.0115391614,0.0097921388,0.0349272977,-0.028422689,0.0,0.0,,,,,,,,,,,,,,,,,,,,,,,,,,,,,,,,,,,,,,,,,,,,,,,,,,
81165.0,,,,,,,,,,,,,,,,,,,,,,,,,,,,,,,,,,,,,,,,,,,,,,,,,,,0.0054787994,-0.007304157,-0.010411244,0.5177951345,0.0240803664,-0.014725756,0.0,0.3795783138,,,,,,,,,,,,,,,,,,,,,,,,,,,,,,,,,,,,,,,,,,,,,,,,,,
81481.0,,,,,,,,,,,,,,,,,,,,,,,,,,,,,,,,,,,,,,,,,,,,,,,,,,,-0.002967956,0.0129875207,0.0341655716,0.0124189891,0.0377694884,-0.000534635,0.0,-0.00026023,,,,,,,,,,,,,,,,,,,,,,,,,,,,,,,,,,,,,,,,,,,,,,,,,,
15014.0,,,,,,,,,,,,,,,,,,,,,,,,,,,,,,,,,,,,,,,,,,,,,,,,,,,0.0001076501,0.0186386946,0.1707527982,0.0918655803,0.0247672152,-0.430439413,2.0,0.0045121263,,,,,,,,,,,,,,,,,,,,,,,,,,,,,,,,,,,,,,,,,,,,,,,,,,
82598.0,,,,,,,,,,,,,,,,,,,,,,,,,,,,,,,,,,,,,,,,,,,,,,,,,,,0.0055854778,0.0252317199,0.222323049,-0.007425364,0.3134039519,-0.028178577,1.0,0.003021148,,,,,,,,,,,,,,,,,,,,,,,,,,,,,,,,,,,,,,,,,,,,,,,,,,
88988.0,,,,,,,,,,,,,,,,,,,,,,,,,,,,,,,,,,,,,,,,,,,,,,,,,,,-0.000554374,0.0137659312,0.036622054,-0.034358651,0.4492364335,-0.003847162,0.0,0.00250554,,,,,,,,,,,,,,,,,,,,,,,,,,,,,,,,,,,,,,,,,,,,,,,,,,
83399.0,,,,,,,,,,,,,,,,,,,,,,,,,,,,,,,,,,,,,,,,,,,,,,,,,,,0.0019148376,0.0570104233,0.1053295079,0.0733759795,0.0400861319,-2.9768e-05,1.0,0.080446535,,,,,,,,,,,,,,,,,,,,,,,,,,,,,,,,,,,,,,,,,,,,,,,,,,
83391.0,,,,,,,,,,,,,,,,,,,,,,,,,,,,,,,,,,,,,,,,,,,,,,,,,,,0.0007004436,-0.04715463,-0.081692997,-0.005843059,0.105990865,0.0067562778,0.0,-0.001104658,,,,,,,,,,,,,,,,,,,,,,,,,,,,,,,,,,,,,,,,,,,,,,,,,,
83822.0,,,,,,,,,,,,,,,,,,,,,,,,,,,,,,,,,,,,,,,,,,,,,,,,,,,-0.004092434,-0.004867142,-0.022102065,-0.020997318,0.1223580563,0.025801238,0.0,0.0111405836,,,,,,,,,,,,,,,,,,,,,,,,,,,,,,,,,,,,,,,,,,,,,,,,,,
83976.0,,,,,,,,,,,,,,,,,,,,,,,,,,,,,,,,,,,,,,,,,,,,,,,,,,,0.0057166352,0.0061077734,0.0238486215,0.0197138726,0.1747218029,-0.078548779,0.0,0.0182667799,,,,,,,,,,,,,,,,,,,,,,,,,,,,,,,,,,,,,,,,,,,,,,,,,,
84084.0,,,,,,,,,,,,,,,,,,,,,,,,,,,,,,,,,,,,,,,,,,,,,,,,,,,-0.003213698,0.0381990289,0.0953536524,0.0454064678,0.0278926187,-0.011857773,0.0,-0.007546475,,,,,,,,,,,,,,,,,,,,,,,,,,,,,,,,,,,,,,,,,,,,,,,,,,
84275.0,,,,,,,,,,,,,,,,,,,,,,,,,,,,,,,,,,,,,,,,,,,,,,,,,,,-0.003808073,0.0009168304,0.0038002172,0.1641492978,0.0049731711,-0.000156849,0.0,-0.003667033,,,,,,,,,,,,,,,,,,,,,,,,,,,,,,,,,,,,,,,,,,,,,,,,,,
84255.0,,,,,,,,,,,,,,,,,,,,,,,,,,,,,,,,,,,,,,,,,,,,,,,,,,,0.0009253904,-0.016737382,-0.02287655,0.0119706599,0.3733664145,-0.005563991,0.0,0.7191011236,,,,,,,,,,,,,,,,,,,,,,,,,,,,,,,,,,,,,,,,,,,,,,,,,,
84588.0,,,,,,,,,,,,,,,,,,,,,,,,,,,,,,,,,,,,,,,,,,,,,,,,,,,0.0009500892,0.049506151,0.2222144733,0.0066608375,0.148179734,-0.271188576,2.0,-0.00315982,,,,,,,,,,,,,,,,,,,,,,,,,,,,,,,,,,,,,,,,,,,,,,,,,,
84519.0,,,,,,,,,,,,,,,,,,,,,,,,,,,,,,,,,,,,,,,,,,,,,,,,,,,0.004329259,0.010163778,0.0203128991,0.0266498601,0.228227427,-0.007844391,0.0,0.0026064292,,,,,,,,,,,,,,,,,,,,,,,,,,,,,,,,,,,,,,,,,,,,,,,,,,
85390.0,,,,,,,,,,,,,,,,,,,,,,,,,,,,,,,,,,,,,,,,,,,,,,,,,,,-0.004239205,-0.029235076,-0.181943235,-0.110720015,0.017974716,-0.009505986,1.0,-0.010121457,,,,,,,,,,,,,,,,,,,,,,,,,,,,,,,,,,,,,,,,,,,,,,,,,,
86572.0,,,,,,,,,,,,,,,,,,,,,,,,,,,,,,,,,,,,,,,,,,,,,,,,,,,0.00088351,0.0223039655,0.0266993272,0.0030014209,0.1326831734,0.002990248,0.0,0.0001262945,,,,,,,,,,,,,,,,,,,,,,,,,,,,,,,,,,,,,,,,,,,,,,,,,,
92253.0,,,,,,,,,,,,,,,,,,,,,,,,,,,,,,,,,,,,,,,,,,,,,,,,,,,0.0,-0.107587769,-0.115431349,0.0,0.52,-4.333333333,1.0,0.0002287063,,,,,,,,,,,,,,,,,,,,,,,,,,,,,,,,,,,,,,,,,,,,,,,,,,
13687.0,,,,,,,,,,,,,,,,,,,,,,,,,,,,,,,,,,,,,,,,,,,,,,,,,,,0.0305728475,0.0078899453,0.053386112,-0.038772659,0.2857660865,-0.042546755,0.0,0.0005879356,,,,,,,,,,,,,,,,,,,,,,,,,,,,,,,,,,,,,,,,,,,,,,,,,,
89606.0,,,,,,,,,,,,,,,,,,,,,,,,,,,,,,,,,,,,,,,,,,,,,,,,,,,-0.013556433,0.0242576905,0.0342897897,-0.066070563,0.0989406866,-0.001490798,3.0,-0.042146373,,,,,,,,,,,,,,,,,,,,,,,,,,,,,,,,,,,,,,,,,,,,,,,,,,
86580.0,,,,,,,,,,,,,,,,,,,,,,,,,,,,,,,,,,,,,,,,,,,,,,,,,,,-0.000464478,0.0496090525,0.0924392561,-0.001597126,0.3445793972,-0.059645255,3.0,0.000648672,,,,,,,,,,,,,,,,,,,,,,,,,,,,,,,,,,,,,,,,,,,,,,,,,,
86594.0,,,,,,,,,,,,,,,,,,,,,,,,,,,,,,,,,,,,,,,,,,,,,,,,,,,-0.001730963,0.0139434465,0.0295180981,0.0044307525,0.248671122,0.0168086876,1.0,-0.017597908,,,,,,,,,,,,,,,,,,,,,,,,,,,,,,,,,,,,,,,,,,,,,,,,,,
89416.0,,,,,,,,,,,,,,,,,,,,,,,,,,,,,,,,,,,,,,,,,,,,,,,,,,,-0.001521685,0.0037986356,0.0061435211,-0.146236284,0.0850830065,-0.040419844,1.0,0.0012650221,,,,,,,,,,,,,,,,,,,,,,,,,,,,,,,,,,,,,,,,,,,,,,,,,,
87432.0,,,,,,,,,,,,,,,,,,,,,,,,,,,,,,,,,,,,,,,,,,,,,,,,,,,0.0015303682,0.0276582105,0.0538420396,0.0027508805,0.1088769459,-0.003515628,0.0,7.38389e-05,,,,,,,,,,,,,,,,,,,,,,,,,,,,,,,,,,,,,,,,,,,,,,,,,,
88360.0,,,,,,,,,,,,,,,,,,,,,,,,,,,,,,,,,,,,,,,,,,,,,,,,,,,-0.012174039,-0.007499301,-0.010801166,-0.003687901,0.0461675915,0.0042072238,0.0,0.0005065856,,,,,,,,,,,,,,,,,,,,,,,,,,,,,,,,,,,,,,,,,,,,,,,,,,
89301.0,,,,,,,,,,,,,,,,,,,,,,,,,,,,,,,,,,,,,,,,,,,,,,,,,,,-0.001151816,-0.016220209,-0.038191031,-0.024040167,0.4291577096,0.0309399647,0.0,-0.004147227,,,,,,,,,,,,,,,,,,,,,,,,,,,,,,,,,,,,,,,,,,,,,,,,,,
89397.0,,,,,,,,,,,,,,,,,,,,,,,,,,,,,,,,,,,,,,,,,,,,,,,,,,,0.001847762,0.0014241868,0.0025500905,-0.000571235,0.1181063386,-0.038695173,0.0,0.0021923815,,,,,,,,,,,,,,,,,,,,,,,,,,,,,,,,,,,,,,,,,,,,,,,,,,
89447.0,,,,,,,,,,,,,,,,,,,,,,,,,,,,,,,,,,,,,,,,,,,,,,,,,,,0.0014328667,-0.010075764,-0.018539401,-0.152590719,0.0103104937,-0.006902597,0.0,-0.008135169,,,,,,,,,,,,,,,,,,,,,,,,,,,,,,,,,,,,,,,,,,,,,,,,,,
89449.0,,,,,,,,,,,,,,,,,,,,,,,,,,,,,,,,,,,,,,,,,,,,,,,,,,,0.0139398124,-0.044146496,-0.406643603,-0.164023987,0.0262041418,-0.044262368,0.0,-0.02295082,,,,,,,,,,,,,,,,,,,,,,,,,,,,,,,,,,,,,,,,,,,,,,,,,,
89540.0,,,,,,,,,,,,,,,,,,,,,,,,,,,,,,,,,,,,,,,,,,,,,,,,,,,-0.00516931,0.033879266,0.1206710863,0.0114884163,0.1803594541,0.0362449443,2.0,0.0019309013,,,,,,,,,,,,,,,,,,,,,,,,,,,,,,,,,,,,,,,,,,,,,,,,,,
89908.0,,,,,,,,,,,,,,,,,,,,,,,,,,,,,,,,,,,,,,,,,,,,,,,,,,,-0.002248611,-0.020615133,-0.070420573,-0.479253633,0.0275167233,0.0039766301,1.0,-0.046025105,,,,,,,,,,,,,,,,,,,,,,,,,,,,,,,,,,,,,,,,,,,,,,,,,,
90215.0,,,,,,,,,,,,,,,,,,,,,,,,,,,,,,,,,,,,,,,,,,,,,,,,,,,0.0019780267,0.0020131716,0.0034099282,0.0043135588,0.1494211095,-0.06465387,1.0,0.0004032868,,,,,,,,,,,,,,,,,,,,,,,,,,,,,,,,,,,,,,,,,,,,,,,,,,
90679.0,,,,,,,,,,,,,,,,,,,,,,,,,,,,,,,,,,,,,,,,,,,,,,,,,,,0.0055032408,-0.008813161,-0.014837407,-0.129663964,0.0393281003,0.031564929,2.0,0.0008813184,,,,,,,,,,,,,,,,,,,,,,,,,,,,,,,,,,,,,,,,,,,,,,,,,,
90371.0,,,,,,,,,,,,,,,,,,,,,,,,,,,,,,,,,,,,,,,,,,,,,,,,,,,0.0029053329,0.0520239036,0.1226357279,0.0068914726,0.1254021627,0.0010546602,0.0,-0.001293103,,,,,,,,,,,,,,,,,,,,,,,,,,,,,,,,,,,,,,,,,,,,,,,,,,
18109.0,,,,,,,,,,,,,,,,,,,,,,,,,,,,,,,,,,,,,,,,,,,,,,,,,,,-0.001439346,0.0238529839,0.2882781828,0.0779481848,0.0317356258,-0.022837547,0.0,0.0041858967,,,,,,,,,,,,,,,,,,,,,,,,,,,,,,,,,,,,,,,,,,,,,,,,,,
90715.0,,,,,,,,,,,,,,,,,,,,,,,,,,,,,,,,,,,,,,,,,,,,,,,,,,,-0.005484863,-0.024578054,-0.04512825,-0.109280954,0.2094934848,-0.007695715,0.0,-0.006291107,,,,,,,,,,,,,,,,,,,,,,,,,,,,,,,,,,,,,,,,,,,,,,,,,,
90706.0,,,,,,,,,,,,,,,,,,,,,,,,,,,,,,,,,,,,,,,,,,,,,,,,,,,-0.021501143,-0.012190909,-0.039863257,-0.198818838,0.1659843197,-0.055654743,0.0,-0.017960603,,,,,,,,,,,,,,,,,,,,,,,,,,,,,,,,,,,,,,,,,,,,,,,,,,
92294.0,,,,,,,,,,,,,,,,,,,,,,,,,,,,,,,,,,,,,,,,,,,,,,,,,,,-0.001009695,-0.014945828,-0.01754532,0.0105058019,0.0241820236,-30.26614151,0.0,-0.01862554,,,,,,,,,,,,,,,,,,,,,,,,,,,,,,,,,,,,,,,,,,,,,,,,,,
13379.0,,,,,,,,,,,,,,,,,,,,,,,,,,,,,,,,,,,,,,,,,,,,,,,,,,,0.0002295596,-0.030961914,1.7773474614,0.0054226947,0.4128220901,0.0088350435,0.0,0.0034786642,,,,,,,,,,,,,,,,,,,,,,,,,,,,,,,,,,,,,,,,,,,,,,,,,,
13511.0,,,,,,,,,,,,,,,,,,,,,,,,,,,,,,,,,,,,,,,,,,,,,,,,,,,0.0002252252,0.0081893736,0.1478737997,0.0059935678,0.279848982,-0.003658095,8.0,0.0009317111,,,,,,,,,,,,,,,,,,,,,,,,,,,,,,,,,,,,,,,,,,,,,,,,,,
13527.0,,,,,,,,,,,,,,,,,,,,,,,,,,,,,,,,,,,,,,,,,,,,,,,,,,,-0.000267835,0.0112718807,0.0275183214,0.0078873703,0.1252849793,-0.047100001,0.0,0.0002026753,,,,,,,,,,,,,,,,,,,,,,,,,,,,,,,,,,,,,,,,,,,,,,,,,,
91733.0,,,,,,,,,,,,,,,,,,,,,,,,,,,,,,,,,,,,,,,,,,,,,,,,,,,-0.023819733,-0.174199578,-0.258197335,0.0202360815,0.1611238247,0.0085226575,0.0,-0.06353953,,,,,,,,,,,,,,,,,,,,,,,,,,,,,,,,,,,,,,,,,,,,,,,,,,
92203.0,,,,,,,,,,,,,,,,,,,,,,,,,,,,,,,,,,,,,,,,,,,,,,,,,,,0.0103693425,0.0517929431,0.092227227,0.0080137927,0.1706182344,-0.035935169,1.0,0.0007896191,,,,,,,,,,,,,,,,,,,,,,,,,,,,,,,,,,,,,,,,,,,,,,,,,,
92257.0,,,,,,,,,,,,,,,,,,,,,,,,,,,,,,,,,,,,,,,,,,,,,,,,,,,-0.000400962,0.0071709831,0.1460234681,0.0035178324,0.2149538824,-0.008302197,0.0,-0.000799808,,,,,,,,,,,,,,,,,,,,,,,,,,,,,,,,,,,,,,,,,,,,,,,,,,
92322.0,,,,,,,,,,,,,,,,,,,,,,,,,,,,,,,,,,,,,,,,,,,,,,,,,,,-0.000707297,0.0646228008,0.1770839127,0.0104729415,0.1183932791,-0.019467832,2.0,0.000163212,,,,,,,,,,,,,,,,,,,,,,,,,,,,,,,,,,,,,,,,,,,,,,,,,,
92471.0,,,,,,,,,,,,,,,,,,,,,,,,,,,,,,,,,,,,,,,,,,,,,,,,,,,0.0024054714,0.0226845406,0.0502791317,0.1528466356,0.0278331477,0.0079530907,1.0,0.0060606061,,,,,,,,,,,,,,,,,,,,,,,,,,,,,,,,,,,,,,,,,,,,,,,,,,
92635.0,,,,,,,,,,,,,,,,,,,,,,,,,,,,,,,,,,,,,,,,,,,,,,,,,,,-0.003143864,0.0260112741,0.0452229192,-0.078396641,0.052907633,-0.083755351,1.0,0.0130890052,,,,,,,,,,,,,,,,,,,,,,,,,,,,,,,,,,,,,,,,,,,,,,,,,,
93002.0,,,,,,,,,,,,,,,,,,,,,,,,,,,,,,,,,,,,,,,,,,,,,,,,,,,0.0004880157,0.0477006139,0.1493350493,0.0024289531,0.1612039014,0.0032515481,0.0,0.0002394254,,,,,,,,,,,,,,,,,,,,,,,,,,,,,,,,,,,,,,,,,,,,,,,,,,
93373.0,,,,,,,,,,,,,,,,,,,,,,,,,,,,,,,,,,,,,,,,,,,,,,,,,,,0.0006923542,-0.052510682,-0.238733422,-1.121427984,0.0251842911,0.0925500627,0.0,-0.321981424,,,,,,,,,,,,,,,,,,,,,,,,,,,,,,,,,,,,,,,,,,,,,,,,,,
12363.0,,,,,,,,,,,,,,,,,,,,,,,,,,,,,,,,,,,,,,,,,,,,,,,,,,,-0.000349416,-0.011567339,-0.018613403,-0.025247682,0.0666912326,-0.032310627,1.0,0.0209923664,,,,,,,,,,,,,,,,,,,,,,,,,,,,,,,,,,,,,,,,,,,,,,,,,,
13399.0,,,,,,,,,,,,,,,,,,,,,,,,,,,,,,,,,,,,,,,,,,,,,,,,,,,-0.009323453,-0.025155964,-0.067693073,-0.098694353,0.1973460641,0.020507721,0.0,-0.011984021,,,,,,,,,,,,,,,,,,,,,,,,,,,,,,,,,,,,,,,,,,,,,,,,,,
13181.0,,,,,,,,,,,,,,,,,,,,,,,,,,,,,,,,,,,,,,,,,,,,,,,,,,,0.0023719079,-0.022739124,-0.037345555,0.0016130273,0.3604005372,-0.307198682,0.0,0.0009187557,,,,,,,,,,,,,,,,,,,,,,,,,,,,,,,,,,,,,,,,,,,,,,,,,,
91964.0,,,,,,,,,,,,,,,,,,,,,,,,,,,,,,,,,,,,,,,,,,,,,,,,,,,0.0106549671,-0.161577156,-0.180197197,0.0078355271,0.6508412336,2.0148163556,0.0,-0.1534574,,,,,,,,,,,,,,,,,,,,,,,,,,,,,,,,,,,,,,,,,,,,,,,,,,
